City_ID,City,Country,Date,Lat,Lng,Max Temp,Humidity,Cloudiness,Wind Speed
0,Morro Bay,US,2021-10-20 21:29:29,35.3658,-120.8499,77.74,53,93,4.0
1,Mahibadhoo,MV,2021-10-20 21:29:30,3.7833,72.9667,81.88,70,69,12.75
2,Whitehorse,CA,2021-10-20 21:29:30,60.7161,-135.0538,41.02,48,75,11.01
3,Sungaipenuh,ID,2021-10-20 21:29:30,-2.0833,101.3833,64.92,98,100,0.6
4,Busselton,AU,2021-10-20 21:29:31,-33.65,115.3333,53.1,76,99,16.13
5,Linqiong,CN,2021-10-20 21:29:31,30.4159,103.4609,58.78,91,100,3.42
6,Vaini,TO,2021-10-20 21:29:32,-21.2,-175.2,77.16,88,75,10.36
7,La Ronge,CA,2021-10-20 21:29:32,55.1001,-105.2842,46.62,39,20,9.22
8,Severo-Kurilsk,RU,2021-10-20 21:29:33,50.6789,156.125,35.17,66,84,24.05
9,Rikitea,PF,2021-10-20 21:29:33,-23.1203,-134.9692,74.89,70,6,20.98
10,Bredasdorp,ZA,2021-10-20 21:29:34,-34.5322,20.0403,62.28,97,78,5.03
11,Punta Arenas,CL,2021-10-20 21:29:34,-53.15,-70.9167,51.91,40,40,19.57
12,Cape Town,ZA,2021-10-20 21:29:13,-33.9258,18.4232,65.26,73,0,3.0
13,Cabo San Lucas,MX,2021-10-20 21:25:58,22.8909,-109.9124,90.61,61,1,14.97
14,Porto Novo,BJ,2021-10-20 21:29:35,6.4965,2.6036,82.22,81,100,5.93
15,Lebu,CL,2021-10-20 21:25:56,-37.6167,-73.65,55.99,80,64,8.39
16,Nikolskoye,RU,2021-10-20 21:29:36,59.7035,30.7861,50.88,92,100,15.97
17,Carnarvon,AU,2021-10-20 21:29:36,-24.8667,113.6333,62.67,72,75,6.91
18,Georgetown,MY,2021-10-20 21:28:50,5.4112,100.3354,76.95,95,40,1.14
19,Barrow,US,2021-10-20 21:29:37,71.2906,-156.7887,28.42,86,90,24.16
20,Albany,US,2021-10-20 21:28:06,42.6001,-73.9662,70.45,50,58,8.43
21,Vao,NC,2021-10-20 21:29:38,-22.6667,167.4833,70.0,94,100,11.63
22,Rapid City,US,2021-10-20 21:26:51,44.0805,-103.231,48.56,83,90,1.99
23,Tuatapere,NZ,2021-10-20 21:29:38,-46.1333,167.6833,48.83,63,97,2.13
24,Mar Del Plata,AR,2021-10-20 21:28:25,-38.0023,-57.5575,62.62,1,0,18.99
25,Port Moresby,PG,2021-10-20 21:29:39,-9.4431,147.1797,78.22,89,1,3.44
26,Jamestown,US,2021-10-20 21:26:57,42.097,-79.2353,64.85,55,90,9.22
27,Skjervoy,NO,2021-10-20 21:29:40,70.0311,20.9714,31.84,76,100,26.69
28,Gao,ML,2021-10-20 21:29:40,16.6362,1.637,88.05,12,34,10.87
29,Leningradskiy,RU,2021-10-20 21:29:41,69.3833,178.4167,25.16,96,100,14.45
30,Saint-Pierre,RE,2021-10-20 21:29:41,-21.3393,55.4781,73.04,71,90,3.44
31,Alofi,NU,2021-10-20 21:29:41,-19.0595,-169.9187,78.69,65,75,20.71
32,Takoradi,GH,2021-10-20 21:29:42,4.8845,-1.7554,77.68,88,79,8.01
33,Kisangani,CD,2021-10-20 21:26:04,0.5167,25.2,70.47,95,100,0.69
34,Thompson,CA,2021-10-20 21:24:45,55.7435,-97.8558,41.16,38,75,8.05
35,Ushuaia,AR,2021-10-20 21:29:43,-54.8,-68.3,55.06,38,20,6.91
36,Talnakh,RU,2021-10-20 21:29:43,69.4865,88.3972,30.85,95,100,15.28
37,Tolaga Bay,NZ,2021-10-20 21:29:44,-38.3667,178.3,56.03,61,100,5.79
38,Walvis Bay,NA,2021-10-20 21:29:44,-22.9575,14.5053,61.09,82,15,6.91
39,Mataura,NZ,2021-10-20 21:29:45,-46.1927,168.8643,47.32,63,100,1.88
40,Pochutla,MX,2021-10-20 21:29:45,15.7432,-96.4661,85.05,78,87,2.93
41,Yermakovskoye,RU,2021-10-20 21:29:46,53.2831,92.4003,34.65,66,21,2.59
42,Narrabri,AU,2021-10-20 21:29:46,-30.3167,149.7833,60.53,67,100,12.66
43,Luanda,AO,2021-10-20 21:27:16,-8.8368,13.2343,77.0,83,75,8.05
44,Kahului,US,2021-10-20 21:26:18,20.8947,-156.47,83.46,63,20,17.27
45,Bethel,US,2021-10-20 21:29:47,41.3712,-73.414,74.91,60,69,7.09
46,Fairview,US,2021-10-20 21:28:26,40.8126,-73.999,77.54,42,1,8.05
47,Hobart,AU,2021-10-20 21:25:44,-42.8794,147.3294,53.46,84,75,4.0
48,Los Algarrobos,PA,2021-10-20 21:29:48,8.5,-82.4333,81.45,94,75,3.44
49,Verkh-Usugli,RU,2021-10-20 21:29:48,52.7,115.1667,22.05,88,11,3.53
50,Hilo,US,2021-10-20 21:29:49,19.7297,-155.09,80.33,63,40,8.05
51,Port Alfred,ZA,2021-10-20 21:27:54,-33.5906,26.891,63.54,86,22,17.83
52,Payo,ID,2021-10-20 21:29:49,-3.7508,103.6372,72.25,98,100,1.54
53,Ilinskiy,RU,2021-10-20 21:29:50,55.619,38.1182,39.88,93,90,13.42
54,Bilibino,RU,2021-10-20 21:29:50,68.0546,166.4372,-0.44,98,100,2.28
55,Hermanus,ZA,2021-10-20 21:29:50,-34.4187,19.2345,64.9,88,77,10.8
56,Saskylakh,RU,2021-10-20 21:29:51,71.9167,114.0833,6.98,99,99,5.66
57,The Valley,AI,2021-10-20 21:29:51,18.217,-63.0578,82.09,89,40,10.36
58,Leh,IN,2021-10-20 21:29:52,34.1667,77.5833,42.17,39,0,4.47
59,Campo Grande,BR,2021-10-20 21:29:52,-20.4428,-54.6464,83.75,34,40,3.44
60,Upernavik,GL,2021-10-20 21:29:53,72.7868,-56.1549,32.92,99,100,11.63
61,Taksimo,RU,2021-10-20 21:29:53,56.3444,114.8794,29.25,76,95,4.68
62,Guerrero Negro,MX,2021-10-20 21:25:00,27.9769,-114.0611,71.29,58,76,12.82
63,San Policarpo,PH,2021-10-20 21:29:54,12.1791,125.5072,79.84,83,87,4.83
64,Avarua,CK,2021-10-20 21:29:54,-21.2078,-159.775,77.05,65,40,9.22
65,Port Elizabeth,ZA,2021-10-20 21:29:54,-33.918,25.5701,62.89,94,40,9.22
66,Hailar,CN,2021-10-20 21:29:55,49.2,119.7,22.21,95,52,2.73
67,Chokurdakh,RU,2021-10-20 21:29:55,70.6333,147.9167,-16.38,96,94,2.71
68,Qaanaaq,GL,2021-10-20 21:29:56,77.484,-69.3632,17.1,93,71,3.8
69,Batemans Bay,AU,2021-10-20 21:29:56,-35.7167,150.1833,62.98,88,97,4.72
70,Ambon,ID,2021-10-20 21:29:57,-3.6954,128.1814,77.14,88,20,5.75
71,Ribeira Grande,PT,2021-10-20 21:29:57,38.5167,-28.7,64.8,82,20,5.75
72,East London,ZA,2021-10-20 21:29:57,-33.0153,27.9116,63.97,83,35,14.03
73,Saldanha,ZA,2021-10-20 21:29:58,-33.0117,17.9442,59.05,85,64,16.4
74,Saint-Philippe,RE,2021-10-20 21:29:58,-21.3585,55.7679,72.95,79,42,11.23
75,Ornskoldsvik,SE,2021-10-20 21:29:59,63.2909,18.7153,40.15,93,90,3.44
76,Cleves,DE,2021-10-20 21:26:26,51.7833,6.15,60.33,71,98,12.48
77,Lewiston,US,2021-10-20 21:29:59,44.1003,-70.2148,61.14,66,46,1.83
78,Necochea,AR,2021-10-20 21:30:00,-38.5473,-58.7368,66.79,70,2,7.54
79,Hasaki,JP,2021-10-20 21:26:51,35.7333,140.8333,46.8,56,98,14.76
80,Chuy,UY,2021-10-20 21:30:01,-33.6971,-53.4616,59.2,68,64,9.91
81,Okoneshnikovo,RU,2021-10-20 21:30:02,54.8377,75.0834,43.29,59,85,8.63
82,Kodiak,US,2021-10-20 21:30:03,57.79,-152.4072,43.65,84,98,6.55
83,Sterling,US,2021-10-20 21:26:48,39.0062,-77.4286,76.86,48,1,7.0
84,Kruisfontein,ZA,2021-10-20 21:30:04,-34.0033,24.7314,58.89,76,35,3.67
85,Hithadhoo,MV,2021-10-20 21:30:05,-0.6,73.0833,81.09,77,100,11.21
86,Souillac,MU,2021-10-20 21:30:06,-20.5167,57.5167,74.35,78,75,8.05
87,Tuktoyaktuk,CA,2021-10-20 21:30:08,69.4541,-133.0374,26.6,86,75,9.22
88,Urumqi,CN,2021-10-20 21:30:09,43.801,87.6005,41.95,53,0,2.24
89,Bluff,NZ,2021-10-20 21:30:09,-46.6,168.3333,48.42,55,100,3.65
90,Clyde River,CA,2021-10-20 21:30:10,70.4692,-68.5914,30.43,93,75,5.75
91,Torbay,CA,2021-10-20 21:30:11,47.6666,-52.7314,49.57,96,90,11.5
92,Gornopravdinsk,RU,2021-10-20 21:30:12,60.05,69.9,36.55,96,100,7.47
93,Pointe-Noire,CG,2021-10-20 21:30:13,-4.7761,11.8635,77.07,88,75,5.75
94,Harper,LR,2021-10-20 21:30:13,4.375,-7.7169,77.92,86,60,8.48
95,Florianopolis,BR,2021-10-20 21:26:52,-27.6146,-48.5012,63.63,54,75,6.91
96,Arraial Do Cabo,BR,2021-10-20 21:30:14,-22.9661,-42.0278,62.56,88,75,5.75
97,Jardim,BR,2021-10-20 21:30:15,-21.4803,-56.1381,77.7,44,3,8.43
98,Saint-Denis,FR,2021-10-20 21:30:16,48.9167,2.3333,65.17,79,90,8.01
99,Najran,SA,2021-10-20 21:30:16,17.4924,44.1277,70.45,30,5,2.91
100,Bembereke,BJ,2021-10-20 21:30:17,10.2283,2.6634,73.83,87,92,4.94
101,Sri Aman,MY,2021-10-20 21:30:17,1.2376,111.4621,77.09,94,94,0.0
102,Anloga,GH,2021-10-20 21:30:18,5.7947,0.8973,80.82,82,100,12.66
103,Puerto Ayora,EC,2021-10-20 21:30:19,-0.7393,-90.3518,82.36,80,97,10.0
104,Atuona,PF,2021-10-20 21:30:19,-9.8,-139.0333,76.87,82,16,15.03
105,Yushala,RU,2021-10-20 21:30:20,57.0761,64.2601,31.75,97,100,12.26
106,Saint-Michel-Des-Saints,CA,2021-10-20 21:30:20,46.6834,-73.9159,55.6,79,19,3.13
107,Karratha,AU,2021-10-20 21:30:21,-20.7377,116.8463,69.91,39,1,8.75
108,Comodoro Rivadavia,AR,2021-10-20 21:30:01,-45.8667,-67.5,78.66,21,75,23.02
109,Palampur,IN,2021-10-20 21:30:22,32.1167,76.5333,60.35,44,0,6.4
110,Cervo,ES,2021-10-20 21:30:22,43.6702,-7.4101,60.96,72,97,14.85
111,Kapaa,US,2021-10-20 21:30:22,22.0752,-159.319,81.48,68,20,1.99
112,Olafsvik,IS,2021-10-20 21:30:23,64.8945,-23.7142,43.23,73,100,22.12
113,Lompoc,US,2021-10-20 21:30:23,34.6391,-120.4579,78.01,53,1,16.11
114,Vostok,RU,2021-10-20 21:30:24,46.4856,135.8833,16.56,78,6,3.18
115,Yar-Sale,RU,2021-10-20 21:30:24,66.8333,70.8333,28.56,86,86,5.97
116,Butaritari,KI,2021-10-20 21:30:25,3.0707,172.7902,81.46,74,28,9.73
117,Brae,GB,2021-10-20 21:30:25,60.3964,-1.353,44.51,69,100,37.18
118,Uchiza,PE,2021-10-20 21:30:26,-8.4592,-76.4633,80.24,75,92,0.2
119,Castro,BR,2021-10-20 21:30:26,-24.7911,-50.0119,53.42,89,72,7.05
120,Chaibasa,IN,2021-10-20 21:30:27,22.5667,85.8167,71.2,84,85,3.62
121,Finschhafen,PG,2021-10-20 21:30:27,-6.6024,147.8681,83.03,69,87,3.29
122,Mackay,AU,2021-10-20 21:26:21,-21.15,149.2,75.04,83,75,1.14
123,Mahebourg,MU,2021-10-20 21:30:28,-20.4081,57.7,74.25,78,75,8.05
124,Dolinsk,RU,2021-10-20 21:30:28,47.35,142.8,33.66,76,100,9.62
125,Christchurch,NZ,2021-10-20 21:25:33,-43.5333,172.6333,54.95,71,20,1.01
126,Saint Anthony,US,2021-10-20 21:30:29,45.0205,-93.218,56.14,92,90,5.01
127,Viransehir,TR,2021-10-20 21:30:30,37.2353,39.7631,63.1,30,0,6.73
128,Policoro,IT,2021-10-20 21:30:30,40.2115,16.6726,62.91,72,0,5.08
129,Cherskiy,RU,2021-10-20 21:30:31,68.75,161.3,-7.08,100,100,5.19
130,Imbituba,BR,2021-10-20 21:30:31,-28.24,-48.6703,66.09,72,99,7.14
131,Lagoa,PT,2021-10-20 21:30:32,39.05,-27.9833,68.63,61,39,2.68
132,San Patricio,US,2021-10-20 21:30:32,28.017,-97.5169,90.01,51,22,8.48
133,Boralday,KZ,2021-10-20 21:30:33,43.3578,76.8594,51.66,46,75,2.24
134,Saint-Georges,GD,2021-10-20 21:30:33,12.0564,-61.7485,83.88,79,20,17.27
135,Topolevo,RU,2021-10-20 21:30:34,48.4994,135.1975,19.58,86,0,8.95
136,Piacabucu,BR,2021-10-20 21:30:34,-10.4056,-36.4344,78.17,83,17,13.15
137,Pampa,US,2021-10-20 21:30:34,35.5362,-100.9599,70.75,30,1,5.75
138,Namibe,AO,2021-10-20 21:30:35,-15.1961,12.1522,67.35,89,35,7.2
139,Son La,VN,2021-10-20 21:30:36,21.3167,103.9,68.94,95,96,2.19
140,Constitucion,CL,2021-10-20 21:30:36,-35.3333,-72.4167,56.05,77,11,5.3
141,Cap Malheureux,MU,2021-10-20 21:30:36,-19.9842,57.6142,74.46,73,41,5.99
142,Verkhnevilyuysk,RU,2021-10-20 21:30:37,63.4453,120.3167,26.55,94,99,5.73
143,Ponta Do Sol,PT,2021-10-20 21:30:37,32.6667,-17.1,74.03,79,100,6.33
144,New Norfolk,AU,2021-10-20 21:30:38,-42.7826,147.0587,53.1,79,89,4.27
145,Rawson,AR,2021-10-20 21:30:38,-43.3002,-65.1023,75.43,26,9,31.23
146,Isangel,VU,2021-10-20 21:30:39,-19.55,169.2667,80.71,78,100,8.05
147,Kavaratti,IN,2021-10-20 21:26:19,10.5669,72.642,81.88,74,99,10.22
148,Toamasina,MG,2021-10-20 21:30:39,-18.1667,49.3833,69.8,94,40,2.3
149,Pisco,PE,2021-10-20 21:30:40,-13.7,-76.2167,66.25,72,0,20.71
150,Makasar,ID,2021-10-20 21:30:40,-5.14,119.4221,73.45,94,20,2.3
151,Mitu,CO,2021-10-20 21:29:11,1.1983,-70.1733,76.86,89,99,2.71
152,Hofn,IS,2021-10-20 21:30:41,64.2539,-15.2082,36.63,50,5,6.69
153,Wuwei,CN,2021-10-20 21:30:41,37.9281,102.6414,38.5,50,2,1.41
154,Nanortalik,GL,2021-10-20 21:30:42,60.1432,-45.2371,37.13,72,1,1.79
155,Hauterive,FR,2021-10-20 21:30:42,46.0901,3.4459,66.96,77,100,18.34
156,Beloha,MG,2021-10-20 21:30:43,-25.1667,45.05,68.5,87,99,9.42
157,Mana,GF,2021-10-20 21:30:43,5.6592,-53.7767,81.01,80,95,9.66
158,Aswan,EG,2021-10-20 21:30:43,24.0934,32.907,79.9,27,0,17.27
159,Orcopampa,PE,2021-10-20 21:30:44,-15.2661,-72.3417,55.4,27,88,8.34
160,Poso,ID,2021-10-20 21:30:44,-1.3959,120.7524,76.46,80,96,4.36
161,Airai,TL,2021-10-20 21:30:45,-8.9266,125.4092,63.73,68,98,1.54
162,Birao,CF,2021-10-20 21:30:45,10.2849,22.7882,74.48,81,100,4.23
163,Sao Filipe,CV,2021-10-20 21:30:46,14.8961,-24.4956,82.36,59,0,8.88
164,Hami,CN,2021-10-20 21:30:46,42.8,93.45,56.39,19,100,7.45
165,Keetmanshoop,NA,2021-10-20 21:30:47,-26.5833,18.1333,74.32,46,36,18.28
166,Adrar,MR,2021-10-20 21:30:47,20.5022,-10.0711,78.31,18,4,11.79
167,Fairbanks,US,2021-10-20 21:27:13,64.8378,-147.7164,39.16,68,40,3.44
168,Norman Wells,CA,2021-10-20 21:30:48,65.282,-126.8329,37.44,60,40,13.8
169,Mehamn,NO,2021-10-20 21:30:48,71.0357,27.8492,34.27,58,100,24.02
170,Adur,IN,2021-10-20 21:30:49,9.1667,76.7333,72.77,98,100,3.53
171,Palpa,PE,2021-10-20 21:30:49,-14.5336,-75.1856,78.89,42,96,7.45
172,Cidreira,BR,2021-10-20 21:30:50,-30.1811,-50.2056,63.37,66,94,15.37
173,Sao Gabriel Da Cachoeira,BR,2021-10-20 21:30:50,-0.1303,-67.0892,80.4,83,40,6.91
174,Kishi,NG,2021-10-20 21:30:50,9.0833,3.85,72.01,91,96,4.34
175,Khatanga,RU,2021-10-20 21:30:51,71.9667,102.5,22.14,97,100,5.28
176,San Vicente,AR,2021-10-20 21:30:51,-26.6167,-54.1333,64.24,65,58,3.31
177,Richards Bay,ZA,2021-10-20 21:30:52,-28.783,32.0377,63.63,71,0,10.78
178,Yulara,AU,2021-10-20 21:30:52,-25.2406,130.9889,60.64,39,0,8.05
179,Yellowknife,CA,2021-10-20 21:30:53,62.456,-114.3525,45.41,72,40,16.11
180,San Quintin,MX,2021-10-20 21:30:53,30.4833,-115.95,67.77,65,0,13.73
181,Saint-Augustin,CA,2021-10-20 21:30:54,51.226,-58.6502,45.19,86,100,13.71
182,Neiafu,TO,2021-10-20 21:30:54,-18.65,-173.9833,79.48,57,20,9.22
183,Batagay-Alyta,RU,2021-10-20 21:30:55,67.8006,130.4114,9.18,90,100,3.38
184,Odweyne,SO,2021-10-20 21:30:55,9.4092,45.064,74.03,26,63,11.21
185,Nishihara,JP,2021-10-20 21:30:56,26.1842,127.7558,76.28,78,90,4.61
186,Curuca,BR,2021-10-20 21:30:56,-0.7289,-47.8481,78.35,83,51,7.23
187,Baruun-Urt,MN,2021-10-20 21:30:57,46.6806,113.2792,28.8,74,6,6.4
188,Manta,EC,2021-10-20 21:30:57,-0.95,-80.7333,76.78,78,90,9.22
189,Nabire,ID,2021-10-20 21:30:58,-3.3667,135.4833,77.18,89,99,2.46
190,Alyangula,AU,2021-10-20 21:30:58,-13.8483,136.4192,80.47,83,63,5.75
191,Agirish,RU,2021-10-20 21:30:59,61.9247,63.0231,28.31,89,29,4.97
192,Longyan,CN,2021-10-20 21:30:59,25.1072,117.0225,65.39,97,100,4.47
193,Dikson,RU,2021-10-20 21:31:00,73.5069,80.5464,28.0,62,87,12.66
194,Opunake,NZ,2021-10-20 21:31:00,-39.4556,173.8583,60.33,78,97,7.52
195,Kapit,MY,2021-10-20 21:31:01,2.0167,112.9333,72.88,100,100,0.89
196,Victoria,HK,2021-10-20 21:31:02,22.2855,114.1577,79.32,85,87,3.0
197,Lebyazhye,RU,2021-10-20 21:31:02,55.2689,66.4947,47.08,83,100,8.43
198,Celestun,MX,2021-10-20 21:31:03,20.8667,-90.4,82.22,80,76,11.56
199,Kedougou,SN,2021-10-20 21:31:04,12.5579,-12.1743,88.38,70,0,2.3
200,Fortuna,US,2021-10-20 21:31:04,40.5982,-124.1573,63.93,68,20,3.0
201,Krasnoturansk,RU,2021-10-20 21:31:05,54.3186,91.5639,23.79,72,87,4.97
202,Havelock,US,2021-10-20 21:31:05,34.8791,-76.9013,80.55,65,1,4.0
203,Ulladulla,AU,2021-10-20 21:31:05,-35.35,150.4667,62.76,85,49,5.86
204,Santiago,CL,2021-10-20 21:31:06,-33.4569,-70.6483,66.85,55,0,5.75
205,Inhambane,MZ,2021-10-20 21:31:06,-23.865,35.3833,66.27,73,0,6.31
206,Mount Gambier,AU,2021-10-20 21:31:07,-37.8333,140.7667,58.91,77,59,8.05
207,Kiruna,SE,2021-10-20 21:31:07,67.8557,20.2251,22.12,93,90,8.05
208,Korla,CN,2021-10-20 21:31:08,41.7597,86.1469,51.73,28,27,1.05
209,Sioux Lookout,CA,2021-10-20 21:31:08,50.1001,-91.917,41.38,52,20,9.22
210,Nizhnyaya Poyma,RU,2021-10-20 21:31:09,56.1622,97.1933,33.12,83,10,4.09
211,Kununurra,AU,2021-10-20 21:31:09,-15.7667,128.7333,78.78,78,87,3.44
212,Codrington,AU,2021-10-20 21:31:09,-38.2667,141.9667,63.36,63,61,11.83
213,Ilulissat,GL,2021-10-20 21:31:10,69.2167,-51.1,30.22,59,20,0.0
214,Carutapera,BR,2021-10-20 21:31:10,-1.195,-46.02,79.47,76,13,7.09
215,Prince Rupert,CA,2021-10-20 21:31:11,54.3161,-130.3201,51.89,79,90,8.05
216,Zyryanka,RU,2021-10-20 21:31:11,65.75,150.85,-4.23,91,47,5.35
217,Esperance,AU,2021-10-20 21:31:12,-33.8667,121.9,55.24,84,11,15.68
218,Lamu,KE,2021-10-20 21:31:12,-2.2717,40.902,77.22,81,98,12.41
219,Garowe,SO,2021-10-20 21:31:12,8.4054,48.4845,75.51,75,39,7.09
220,George,ZA,2021-10-20 21:31:13,-33.963,22.4617,56.75,94,40,4.61
221,Lavrentiya,RU,2021-10-20 21:31:13,65.5833,-171.0,30.79,98,99,6.71
222,Jalu,LY,2021-10-20 21:31:14,29.0331,21.5482,71.58,44,11,8.5
223,Hue,VN,2021-10-20 21:31:14,16.4667,107.6,75.31,100,20,0.0
224,Sembe,CG,2021-10-20 21:31:15,1.6481,14.5806,69.82,99,99,2.33
225,Nerang,AU,2021-10-20 21:31:15,-27.9833,153.3333,71.92,83,81,1.01
226,Cheney,US,2021-10-20 21:31:16,47.4874,-117.5758,56.77,77,75,12.66
227,Canelones,UY,2021-10-20 21:31:16,-34.6444,-56.2886,68.02,64,0,17.27
228,Waipawa,NZ,2021-10-20 21:31:17,-41.4122,175.5153,55.29,64,100,6.29
229,Nyurba,RU,2021-10-20 21:31:17,63.2842,118.3319,31.03,96,100,7.74
230,Lata,PT,2021-10-20 21:31:18,40.1629,-8.3327,62.82,98,18,1.12
231,Suzaka,JP,2021-10-20 21:31:18,36.65,138.3167,44.71,95,70,1.66
232,Te Anau,NZ,2021-10-20 21:31:19,-45.4167,167.7167,45.57,77,74,1.57
233,Bambous Virieux,MU,2021-10-20 21:31:19,-20.3428,57.7575,74.21,78,75,8.05
234,Turukhansk,RU,2021-10-20 21:26:26,65.8167,87.9833,35.13,99,100,7.81
235,Atambua,ID,2021-10-20 21:31:21,-9.1061,124.8925,76.53,81,92,0.65
236,Narsaq,GL,2021-10-20 21:31:21,60.9167,-46.05,28.62,37,0,3.87
237,Peleduy,RU,2021-10-20 21:31:21,59.6289,112.7406,36.09,98,100,8.99
238,Solnechnyy,RU,2021-10-20 21:31:22,50.7214,136.6319,21.33,84,16,3.56
239,Marsh Harbour,BS,2021-10-20 21:31:22,26.5412,-77.0636,79.48,59,85,16.44
240,Abu Samrah,SY,2021-10-20 21:31:23,35.3029,37.1841,63.55,66,0,5.44
241,Havoysund,NO,2021-10-20 21:31:23,70.9963,24.6622,27.48,63,100,27.89
242,Lumphat,KH,2021-10-20 21:31:24,13.4878,106.9816,71.51,99,100,1.16
243,Pevek,RU,2021-10-20 21:31:24,69.7008,170.3133,18.59,92,100,13.91
244,Kaitangata,NZ,2021-10-20 21:31:25,-46.2817,169.8464,50.47,56,100,4.45
245,Sistranda,NO,2021-10-20 21:31:25,63.7256,8.834,46.9,65,100,33.62
246,Oussouye,SN,2021-10-20 21:31:26,12.485,-16.5469,84.29,77,71,7.47
247,Merauke,ID,2021-10-20 21:31:26,-8.4667,140.3333,80.08,78,77,7.27
248,Libreville,GA,2021-10-20 21:28:05,0.3925,9.4537,80.62,83,20,6.91
249,Nome,US,2021-10-20 21:31:27,64.5011,-165.4064,35.67,87,90,6.91
250,Kochi,IN,2021-10-20 21:26:51,9.9399,76.2602,75.18,95,100,7.25
251,Xiuyan,CN,2021-10-20 21:31:28,40.2928,123.2744,37.18,69,47,2.33
252,Kostryzhivka,UA,2021-10-20 21:31:28,48.6545,25.7132,56.28,60,99,5.53
253,Klaksvik,FO,2021-10-20 21:31:29,62.2266,-6.589,41.92,66,78,36.13
254,Okhotsk,RU,2021-10-20 21:31:29,59.3833,143.3,12.47,67,97,8.43
255,Itarema,BR,2021-10-20 21:31:29,-2.9248,-39.9167,80.26,78,100,10.96
256,Zhangjiakou,CN,2021-10-20 21:31:30,40.81,114.8794,35.64,39,0,5.7
257,Saint George,US,2021-10-20 21:30:22,37.1041,-113.5841,71.55,28,1,3.0
258,Mastic Beach,US,2021-10-20 21:31:31,40.7668,-72.8521,76.12,59,1,1.01
259,Antofagasta,CL,2021-10-20 21:31:31,-23.65,-70.4,61.88,71,11,7.27
260,Longyearbyen,SJ,2021-10-20 21:31:31,78.2186,15.6401,12.04,67,0,8.05
261,Kaduqli,SD,2021-10-20 21:31:32,11.0167,29.7167,79.41,62,94,7.31
262,Banepa,NP,2021-10-20 21:31:32,27.6298,85.5214,62.92,94,75,3.44
263,Portland,US,2021-10-20 21:30:52,45.5234,-122.6762,63.63,71,90,3.0
264,Chapais,CA,2021-10-20 21:31:33,49.7834,-74.8492,38.98,97,100,7.67
265,San Javier,ES,2021-10-20 21:31:34,37.8063,-0.8374,68.23,80,0,5.75
266,Rio Gallegos,AR,2021-10-20 21:31:34,-51.6226,-69.2181,59.05,20,75,9.22
267,Rongcheng,CN,2021-10-20 21:31:34,30.634,117.8517,49.73,95,100,2.35
268,Nhulunbuy,AU,2021-10-20 21:31:35,-12.2333,136.7667,79.41,89,40,5.75
269,Samarai,PG,2021-10-20 21:31:35,-10.6167,150.6667,82.33,77,86,7.27
270,Teahupoo,PF,2021-10-20 21:31:36,-17.8333,-149.2667,75.16,79,94,11.41
271,Bengkulu,ID,2021-10-20 21:31:36,-3.8004,102.2655,74.41,89,95,4.85
272,Riverton,US,2021-10-20 21:31:37,40.5219,-111.9391,65.88,39,1,1.01
273,Tiznit,MA,2021-10-20 21:31:37,29.5833,-9.5,72.97,33,53,3.76
274,Laterza,IT,2021-10-20 21:31:38,40.6295,16.7997,57.25,87,20,1.14
275,Sao Joao Da Barra,BR,2021-10-20 21:31:38,-21.6403,-41.0511,64.49,92,100,10.8
276,Illapel,CL,2021-10-20 21:31:39,-31.6308,-71.1653,64.81,59,0,6.26
277,Strezhevoy,RU,2021-10-20 21:31:39,60.7333,77.5889,35.58,84,100,5.73
278,Mama,RU,2021-10-20 21:31:40,58.3106,112.8986,35.71,99,100,5.08
279,Ostrogozhsk,RU,2021-10-20 21:31:40,50.8664,39.0756,43.45,35,99,15.99
280,Oranjemund,NA,2021-10-20 21:31:41,-28.55,16.4333,59.97,77,69,5.21
281,Kupang,ID,2021-10-20 21:31:41,-10.1667,123.5833,73.98,100,20,2.3
282,Gusau,NG,2021-10-20 21:31:42,12.1628,6.6614,81.55,52,26,6.73
283,Anadyr,RU,2021-10-20 21:31:42,64.75,177.4833,21.7,93,75,13.42
284,Kenai,US,2021-10-20 21:31:43,60.5544,-151.2583,43.03,89,90,12.66
285,Nurota,UZ,2021-10-20 21:31:43,40.5614,65.6886,50.09,69,75,2.42
286,Nakhon Phanom,TH,2021-10-20 21:31:43,17.3333,104.4167,73.76,88,41,0.54
287,Kaeo,NZ,2021-10-20 21:31:44,-35.1,173.7833,60.33,96,100,9.66
288,Lao Cai,VN,2021-10-20 21:31:44,22.4833,103.95,73.76,98,93,0.65
289,Livingstone,ZM,2021-10-20 21:31:45,-17.8419,25.8543,70.72,52,70,4.59
290,Tura,IN,2021-10-20 21:31:45,25.5198,90.2201,71.02,99,93,3.49
291,Athabasca,CA,2021-10-20 21:31:46,54.7169,-113.2854,54.43,30,24,16.4
292,Yuryuzan,RU,2021-10-20 21:31:46,54.8633,58.4219,28.6,94,100,8.43
293,Bubaque,GW,2021-10-20 21:31:47,11.2833,-15.8333,82.67,78,100,14.0
294,Sawtell,AU,2021-10-20 21:31:47,-30.3833,153.1,62.62,92,75,5.75
295,Shahr-E Babak,IR,2021-10-20 21:31:47,30.1165,55.1186,59.77,24,1,1.66
296,Sitka,US,2021-10-20 21:31:48,57.0531,-135.33,46.13,91,100,7.16
297,Afyonkarahisar,TR,2021-10-20 21:31:48,38.75,30.6667,47.88,68,2,3.87
298,Ketchikan,US,2021-10-20 21:31:49,55.3422,-131.6461,48.67,87,90,8.05
299,Bajram Curri,AL,2021-10-20 21:31:49,42.3554,20.0784,51.93,73,0,5.82
300,Grammichele,IT,2021-10-20 21:31:50,37.2123,14.6397,62.06,93,4,4.52
301,Horki,BY,2021-10-20 21:31:50,54.2861,30.9842,48.99,82,100,18.28
302,Abha,SA,2021-10-20 21:31:51,18.2164,42.5053,60.62,21,0,0.0
303,Xicotencatl,MX,2021-10-20 21:31:51,23.0167,-98.8833,89.71,56,1,8.32
304,Kamiiso,JP,2021-10-20 21:31:52,41.8167,140.65,44.98,76,40,14.97
305,Mandan,US,2021-10-20 21:31:52,46.8267,-100.8896,43.03,67,1,16.11
306,Grand Gaube,MU,2021-10-20 21:31:52,-20.0064,57.6608,74.37,73,48,5.99
307,Brokopondo,SR,2021-10-20 21:31:53,4.75,-55.1667,82.22,73,51,8.57
308,Cockburn Town,TC,2021-10-20 21:31:53,21.4612,-71.1419,82.26,79,89,17.0
309,Naze,JP,2021-10-20 21:31:54,28.3667,129.4833,65.84,78,100,10.8
310,Fort Nelson,CA,2021-10-20 21:31:54,58.8053,-122.7002,33.39,80,20,0.0
311,Aubenas,FR,2021-10-20 21:31:55,44.6201,4.3899,61.77,95,100,9.42
312,Rundu,NA,2021-10-20 21:31:55,-17.9333,19.7667,73.17,62,96,4.07
313,Yichang,CN,2021-10-20 21:31:55,30.7144,111.2847,51.06,90,100,1.5
314,Warrington,GB,2021-10-20 21:31:56,53.3925,-2.5802,48.88,92,40,1.99
315,Yumen,CN,2021-10-20 21:31:56,40.2833,97.2,38.43,29,48,7.92
316,Tres Lagoas,BR,2021-10-20 21:31:57,-20.7511,-51.6783,73.51,54,4,5.61
317,Haukipudas,FI,2021-10-20 21:31:57,65.1765,25.3523,34.14,96,100,11.1
318,Megion,RU,2021-10-20 21:31:58,61.0296,76.1136,35.62,83,100,6.02
319,Mount Isa,AU,2021-10-20 21:31:12,-20.7333,139.5,82.17,42,87,6.91
320,Marzuq,YE,2021-10-20 21:31:58,14.4,46.4667,74.12,54,70,2.71
321,Pacific Grove,US,2021-10-20 21:27:30,36.6177,-121.9166,71.62,69,90,1.99
322,Santiago Del Estero,AR,2021-10-20 21:31:33,-27.7951,-64.2615,86.81,21,11,10.09
323,Cumbitara,CO,2021-10-20 21:31:59,1.6517,-77.5823,60.96,95,100,3.8
324,Muros,ES,2021-10-20 21:32:00,42.7762,-9.0603,62.24,93,72,6.51
325,Labuhan,ID,2021-10-20 21:32:00,-6.8844,112.2051,78.67,83,54,6.22
326,Dali,CN,2021-10-20 21:32:00,25.7,100.1833,60.6,95,100,4.05
327,Preobrazheniye,RU,2021-10-20 21:32:01,42.9019,133.9064,34.84,58,0,6.51
328,Kigoma,TZ,2021-10-20 21:32:02,-4.8769,29.6267,75.97,74,42,7.07
329,Van,TR,2021-10-20 21:30:14,38.4924,43.3831,40.35,81,20,5.75
330,Arlit,NE,2021-10-20 21:32:03,18.7369,7.3853,88.75,12,34,8.77
331,Vila Franca Do Campo,PT,2021-10-20 21:32:04,37.7167,-25.4333,64.81,73,60,2.24
332,Chitral,PK,2021-10-20 21:32:04,35.8462,71.7858,60.58,46,2,2.35
333,Shimoda,JP,2021-10-20 21:32:05,34.6667,138.95,53.1,64,100,12.46
334,Hamilton,US,2021-10-20 21:32:05,39.1834,-84.5333,73.62,54,1,1.01
335,Nizhneangarsk,RU,2021-10-20 21:32:06,55.7833,109.55,28.11,77,44,4.9
336,San-Pedro,CI,2021-10-20 21:32:06,4.7485,-6.6363,76.23,91,47,5.26
337,Kangaba,ML,2021-10-20 21:32:07,11.9333,-8.4167,78.04,74,95,2.77
338,Tongliao,CN,2021-10-20 21:32:07,43.6125,122.2653,35.83,51,12,0.36
339,Basco,PH,2021-10-20 21:32:08,20.4487,121.9702,80.85,73,38,7.81
340,Goure,NE,2021-10-20 21:32:08,13.9835,10.2704,89.02,17,8,6.98
341,Kabo,CF,2021-10-20 21:32:09,7.6994,18.629,70.88,94,99,3.44
342,Moindou,NC,2021-10-20 21:32:09,-21.6924,165.677,69.75,95,100,1.66
343,Ghansor,IN,2021-10-20 21:32:10,22.65,79.95,64.36,73,7,5.08
344,Bay Roberts,CA,2021-10-20 21:32:10,47.5999,-53.2648,50.32,94,100,3.0
345,Ndende,GA,2021-10-20 21:32:11,-2.4008,11.3581,72.46,97,100,2.89
346,Jacqueville,CI,2021-10-20 21:32:11,5.2052,-4.4146,82.31,84,96,11.54
347,Arkhara,RU,2021-10-20 21:32:12,49.4212,130.0842,18.01,96,24,0.87
348,Asau,RO,2021-10-20 21:32:12,46.4333,26.4,45.52,72,15,7.43
349,Iranshahr,IR,2021-10-20 21:32:12,27.2025,60.6848,77.34,27,0,0.0
350,San Jose De Sisa,PE,2021-10-20 21:32:13,-6.6167,-76.6915,82.92,76,86,2.59
351,Shenjiamen,CN,2021-10-20 21:32:13,29.9576,122.298,60.31,85,100,19.13
352,Tutoia,BR,2021-10-20 21:32:14,-2.7619,-42.2744,80.1,80,63,7.99
353,Tasiilaq,GL,2021-10-20 21:32:14,65.6145,-37.6368,35.76,50,66,10.33
354,Banyo,CM,2021-10-20 21:32:15,6.75,11.8167,65.44,94,99,3.18
355,Alcantara,BR,2021-10-20 21:32:15,-2.4089,-44.4147,84.4,80,20,9.06
356,Padang,ID,2021-10-20 21:32:16,-0.9492,100.3543,75.18,91,100,2.59
357,Kilindoni,TZ,2021-10-20 21:32:16,-7.9139,39.6668,77.27,79,62,12.39
358,Kloulklubed,PW,2021-10-20 21:32:16,7.0419,134.2556,79.3,78,100,7.78
359,Thap Than,TH,2021-10-20 21:32:17,15.4606,99.8917,75.6,91,86,1.05
360,Olot,ES,2021-10-20 21:32:17,42.181,2.4901,66.2,76,40,4.0
361,Hit,IQ,2021-10-20 21:32:18,33.6416,42.8251,72.0,32,0,10.2
362,Ikalamavony,MG,2021-10-20 21:32:18,-21.15,46.5833,68.43,80,81,3.6
363,Novovasylivka,UA,2021-10-20 21:32:19,46.8315,35.7536,47.43,71,46,9.37
364,Sorland,NO,2021-10-20 21:32:19,67.667,12.6934,36.82,96,100,22.5
365,Tianpeng,CN,2021-10-20 21:32:19,30.9866,103.9393,57.63,91,100,3.22
366,Safaga,EG,2021-10-20 21:32:20,26.7292,33.9365,75.15,48,0,18.12
367,Zomin,UZ,2021-10-20 21:32:20,39.9606,68.3958,53.53,25,46,3.24
368,Katsuura,JP,2021-10-20 21:32:21,35.1333,140.3,57.31,62,100,9.91
369,Matay,EG,2021-10-20 21:32:22,28.419,30.7792,69.08,59,43,15.9
370,Krutikha,RU,2021-10-20 21:32:22,53.9599,81.2093,41.49,58,65,6.53
371,Ust-Nera,RU,2021-10-20 21:32:22,64.5667,143.2,4.26,95,100,1.83
372,Menongue,AO,2021-10-20 21:32:23,-14.6585,17.691,65.66,87,100,2.55
373,Raga,SS,2021-10-20 21:32:23,8.4596,25.678,70.57,94,100,1.19
374,Bilma,NE,2021-10-20 21:32:24,18.6853,12.9164,84.42,15,0,10.58
375,Provideniya,RU,2021-10-20 21:32:24,64.3833,-173.3,26.71,80,0,0.0
376,Bosansko Grahovo,BA,2021-10-20 21:32:25,44.1794,16.3639,46.85,96,80,5.06
377,Ilanskiy,RU,2021-10-20 21:32:25,56.2358,96.065,34.74,76,9,4.38
378,Salima,MW,2021-10-20 21:32:26,-13.7804,34.4587,72.93,70,66,12.19
379,Tabas,IR,2021-10-20 21:32:26,33.5959,56.9244,70.25,19,26,7.31
380,Bonthe,SL,2021-10-20 21:27:49,7.5264,-12.505,78.78,85,100,6.91
381,Sept-Iles,CA,2021-10-20 21:28:30,50.2001,-66.3821,50.05,85,75,1.01
382,Gimli,CA,2021-10-20 21:32:27,50.6336,-96.9907,43.43,60,6,19.57
383,Meulaboh,ID,2021-10-20 21:32:28,4.1363,96.1285,74.89,90,100,5.66
384,Nuevo Ideal,MX,2021-10-20 21:32:28,24.8875,-105.0728,73.71,39,50,4.56
385,Lorengau,PG,2021-10-20 21:32:29,-2.0226,147.2712,83.44,72,77,6.49
386,Neryungri,RU,2021-10-20 21:28:59,56.6709,124.6491,24.26,93,91,6.69
387,Port Hedland,AU,2021-10-20 21:32:29,-20.3167,118.5667,64.45,94,2,9.22
388,Pomabamba,PE,2021-10-20 21:32:30,-8.8333,-77.4667,57.36,66,98,3.09
389,Port Keats,AU,2021-10-20 21:32:30,-14.25,129.55,85.14,68,62,7.29
390,Tomatlan,MX,2021-10-20 21:32:31,19.9333,-105.25,87.15,69,15,8.01
391,Panama City,PA,2021-10-20 21:32:02,8.9936,-79.5197,87.75,64,40,6.91
392,Ginosa,IT,2021-10-20 21:32:31,40.5801,16.7561,60.46,85,0,0.85
393,Salinas,US,2021-10-20 21:32:32,36.6777,-121.6555,70.99,64,90,10.36
394,Flin Flon,CA,2021-10-20 21:32:32,54.7682,-101.865,42.64,45,40,2.3
395,Paragould,US,2021-10-20 21:32:32,36.0584,-90.4973,81.09,45,15,1.01
396,Hambantota,LK,2021-10-20 21:32:33,6.1241,81.1185,75.54,100,0,1.14
397,Zhigansk,RU,2021-10-20 21:32:33,66.7697,123.3711,17.53,93,82,7.74
398,Lasa,IT,2021-10-20 21:32:34,46.6166,10.7002,52.54,89,90,5.14
399,Half Moon Bay,US,2021-10-20 21:32:34,37.4636,-122.4286,70.92,77,90,4.0
400,Xining,CN,2021-10-20 21:32:35,36.6167,101.7667,38.14,95,100,2.01
401,Berlevag,NO,2021-10-20 21:32:35,70.8578,29.0864,35.02,59,100,25.86
402,Dingle,PH,2021-10-20 21:32:36,10.9995,122.6711,75.97,93,59,4.56
403,Paamiut,GL,2021-10-20 21:32:36,61.994,-49.6678,36.21,59,0,4.25
404,Saint-Paul,RE,2021-10-20 21:32:37,-21.0096,55.2707,73.49,84,47,1.99
405,Svetlaya,RU,2021-10-20 21:32:37,46.5389,138.3297,32.13,62,76,6.31
406,Akyab,MM,2021-10-20 21:32:38,20.15,92.9,79.57,85,100,4.63
407,Havre-Saint-Pierre,CA,2021-10-20 21:32:38,50.2334,-63.5986,50.36,81,90,4.61
408,Itoman,JP,2021-10-20 21:32:39,26.1247,127.6694,77.02,72,75,3.44
409,Mahanoro,MG,2021-10-20 21:32:39,-19.9,48.8,69.62,86,9,4.68
410,Raudeberg,NO,2021-10-20 21:32:40,61.9875,5.1352,43.2,97,99,5.01
411,Sheridan,US,2021-10-20 21:32:40,44.8333,-106.9173,58.01,39,1,1.99
412,Key Largo,US,2021-10-20 21:30:15,25.0865,-80.4473,83.01,71,35,18.32
413,Poum,NC,2021-10-20 21:32:41,-20.2333,164.0167,69.49,88,100,7.02
414,Zhuhai,CN,2021-10-20 21:32:41,22.2769,113.5678,79.05,89,40,2.3
415,Panzos,GT,2021-10-20 21:32:41,15.4,-89.6667,92.32,88,92,2.59
416,Champerico,GT,2021-10-20 21:32:42,14.3,-91.9167,86.54,83,100,7.0
417,Newry,GB,2021-10-20 21:32:42,54.1784,-6.3374,48.15,89,38,17.49
418,Maldonado,UY,2021-10-20 21:32:43,-34.6667,-54.9167,67.39,73,87,11.79
419,Maniitsoq,GL,2021-10-20 21:32:43,65.4167,-52.9,32.81,71,10,11.92
420,San Mateo Del Mar,MX,2021-10-20 21:32:44,16.2,-95.0,83.46,70,100,16.13
421,Chengde,CN,2021-10-20 21:32:44,40.9725,117.9361,37.13,53,21,3.6
422,Mahajanga,MG,2021-10-20 21:32:44,-15.7167,46.3167,78.82,78,20,4.61
423,Salalah,OM,2021-10-20 21:32:45,17.0151,54.0924,78.89,78,20,3.44
424,Itaituba,BR,2021-10-20 21:32:46,-4.2761,-55.9836,82.56,78,75,5.75
425,Vigeland,NO,2021-10-20 21:32:46,58.0844,7.305,53.06,80,86,18.37
426,Myitkyina,MM,2021-10-20 21:32:47,25.3833,97.4,73.04,100,100,0.83
427,Coahuayana,MX,2021-10-20 21:32:47,18.7333,-103.6833,90.88,72,36,5.48
428,Bykovo,RU,2021-10-20 21:32:47,55.6361,38.0803,39.9,93,90,13.42
429,Trinidad,BO,2021-10-20 21:32:48,-14.8333,-64.9,96.78,34,20,8.05
430,Faanui,PF,2021-10-20 21:32:48,-16.4833,-151.75,77.86,82,14,7.31
431,Bathsheba,BB,2021-10-20 21:32:49,13.2167,-59.5167,83.01,78,75,18.41
432,Sorong,ID,2021-10-20 21:32:50,-0.8833,131.25,80.6,80,100,5.01
433,Klyuchi,RU,2021-10-20 21:32:50,52.2667,79.1667,43.95,49,95,9.01
434,Misratah,LY,2021-10-20 21:31:22,32.3754,15.0925,72.23,70,14,10.18
435,Port Hardy,CA,2021-10-20 21:32:51,50.6996,-127.4199,53.78,94,75,6.91
436,Palana,RU,2021-10-20 21:32:52,59.1167,159.9667,21.34,68,100,15.7
437,Port-Gentil,GA,2021-10-20 21:32:52,-0.7193,8.7815,78.76,83,75,6.91
438,Moldovita,RO,2021-10-20 21:32:53,47.6833,25.5333,50.63,78,97,7.09
439,Dzilam Gonzalez,MX,2021-10-20 21:32:53,21.2833,-88.9333,78.8,90,75,6.93
440,Viedma,AR,2021-10-20 21:32:54,-40.8135,-62.9967,68.83,34,0,18.34
441,Limbang,MY,2021-10-20 21:32:54,4.75,115.0,73.71,98,95,1.52
442,Henties Bay,NA,2021-10-20 21:32:55,-22.116,14.2845,60.85,93,16,7.09
443,Broome,US,2021-10-20 21:32:55,42.2506,-75.833,68.54,60,90,6.91
444,Sabang,ID,2021-10-20 21:32:56,5.8933,95.3214,81.19,71,100,1.52
445,Santa Rosa,PH,2021-10-20 21:32:56,14.3122,121.1114,80.58,87,66,4.43
446,Pontian Kecil,MY,2021-10-20 21:32:57,1.4801,103.3899,78.84,88,98,6.17
447,Morden,CA,2021-10-20 21:31:45,49.1919,-98.1014,44.98,52,100,12.66
448,Virginia Beach,US,2021-10-20 21:29:35,36.8529,-75.978,78.1,51,0,1.54
449,Faya,SA,2021-10-20 21:32:57,18.3851,42.4509,60.91,28,1,7.29
450,Hobyo,SO,2021-10-20 21:32:58,5.3505,48.5268,77.92,83,79,16.98
451,Pyapon,MM,2021-10-20 21:32:58,16.2833,95.6833,75.61,95,57,4.9
452,Stornoway,GB,2021-10-20 21:32:59,58.2093,-6.3865,47.93,75,75,17.27
453,Linares,CL,2021-10-20 21:28:24,-35.85,-71.6,75.18,33,0,6.8
454,Sao Miguel,BR,2021-10-20 21:32:59,-5.4667,-35.3667,83.17,82,100,12.55
455,Heyang,CN,2021-10-20 21:33:00,26.1011,107.473,47.95,96,100,5.68
456,Tatishchevo,RU,2021-10-20 21:33:00,51.6703,45.5953,33.48,77,89,7.49
457,Caravelas,BR,2021-10-20 21:33:01,-17.7125,-39.2481,70.75,90,100,15.28
458,Shingu,JP,2021-10-20 21:33:01,33.7333,135.9833,52.5,73,100,5.95
459,Karaton,ID,2021-10-20 21:33:02,-6.3424,106.1045,81.95,92,97,1.43
460,Goundam,ML,2021-10-20 21:33:03,16.4145,-3.6708,85.96,14,79,11.1
461,Lodja,CD,2021-10-20 21:33:03,-3.4833,23.4333,67.59,96,92,1.59
462,Port Blair,IN,2021-10-20 21:33:04,11.6667,92.75,80.19,83,100,4.94
463,Jever,DE,2021-10-20 21:33:04,53.5833,7.9,56.32,88,20,13.8
464,Santa Cruz,BO,2021-10-20 21:30:04,-17.8,-63.1667,89.65,29,15,9.22
465,Stephenville Crossing,CA,2021-10-20 21:33:05,48.5,-58.4318,48.33,87,75,10.36
466,Ixtapa,MX,2021-10-20 21:33:05,20.7,-105.2,88.23,70,20,10.36
467,Mandera,KE,2021-10-20 21:33:06,3.9366,41.867,79.97,65,95,15.84
468,Vila Velha,BR,2021-10-20 21:33:06,-20.3297,-40.2925,66.15,88,75,11.5
469,Luderitz,NA,2021-10-20 21:33:07,-26.6481,15.1594,55.85,86,45,10.63
470,Vaitape,PF,2021-10-20 21:33:07,-16.5167,-151.75,77.86,82,14,7.36
471,Srednekolymsk,RU,2021-10-20 21:33:08,67.45,153.6833,-9.67,97,83,2.46
472,Kumluca,TR,2021-10-20 21:33:08,36.3703,30.2869,68.63,49,0,6.15
473,Wani,IN,2021-10-20 21:33:09,20.0667,78.95,69.51,72,65,4.65
474,Alice Springs,AU,2021-10-20 21:33:09,-23.7,133.8833,67.55,52,0,6.91
475,Benguela,AO,2021-10-20 21:33:10,-12.5763,13.4055,75.92,78,100,5.41
476,Cairns,AU,2021-10-20 21:33:10,-16.9167,145.7667,82.35,80,75,5.75
477,Kavieng,PG,2021-10-20 21:33:11,-2.5744,150.7967,81.9,77,93,6.02
478,Santa Maria,BR,2021-10-20 21:33:11,-29.6842,-53.8069,70.9,43,20,9.22
479,Dezful,IR,2021-10-20 21:33:11,32.3811,48.4058,74.44,34,93,1.01
480,Lupiro,TZ,2021-10-20 21:33:12,-8.3833,36.6667,74.7,66,91,9.69
481,Saint-Francois,FR,2021-10-20 21:33:12,46.4154,3.9054,63.84,68,100,18.41
482,Boyolangu,ID,2021-10-20 21:33:13,-8.1181,111.8935,75.34,93,89,1.48
483,Kuytun,RU,2021-10-20 21:33:13,54.3419,101.5036,30.76,83,2,6.73
484,Itaueira,BR,2021-10-20 21:33:14,-7.6033,-43.0256,81.99,57,22,4.29
485,Tucuman,AR,2021-10-20 21:33:14,-26.8241,-65.2226,87.8,20,0,16.11
486,Tazovskiy,RU,2021-10-20 21:33:15,67.4667,78.7,29.46,89,100,7.58
487,Tiarei,PF,2021-10-20 21:33:15,-17.5333,-149.3333,80.62,79,68,9.08
488,Gladstone,AU,2021-10-20 21:33:15,-23.85,151.25,73.78,78,72,4.61
489,Cayenne,GF,2021-10-20 21:30:03,4.9333,-52.3333,83.08,80,0,1.01
490,Acapulco,MX,2021-10-20 21:28:45,16.8634,-99.8901,87.62,70,40,4.61
491,Puerto Suarez,BO,2021-10-20 21:33:16,-18.95,-57.8,95.36,49,0,0.0
492,Beringovskiy,RU,2021-10-20 21:33:17,63.05,179.3167,17.4,76,32,5.3
493,Ridgecrest,US,2021-10-20 21:28:45,35.6225,-117.6709,75.65,17,75,3.44
494,Somerton,US,2021-10-20 21:33:17,32.5964,-114.7097,83.71,29,20,0.0
495,Camacha,PT,2021-10-20 21:33:18,33.0833,-16.3333,70.56,83,40,10.36
496,Nizwa,OM,2021-10-20 21:33:18,22.9333,57.5333,75.74,55,30,2.68
497,Kishtwar,IN,2021-10-20 21:33:19,33.3167,75.7667,53.01,43,0,4.83
498,Khilok,RU,2021-10-20 21:33:19,51.3674,110.4676,27.1,93,9,3.0
499,La Reforma,MX,2021-10-20 21:33:20,25.0833,-108.05,98.74,53,4,13.82
500,Monitos,CO,2021-10-20 21:33:20,8.25,-76.05,83.25,81,43,5.12
501,Belmonte,BR,2021-10-20 21:33:21,-15.8631,-38.8828,79.3,85,62,6.42
502,Boa Vista,BR,2021-10-20 21:29:19,2.8197,-60.6733,85.98,62,75,8.05
503,Labuan,MY,2021-10-20 21:33:21,5.2767,115.2417,73.76,94,20,0.0
504,Chicama,PE,2021-10-20 21:32:37,-7.8447,-79.1469,61.34,70,72,8.66
505,Iqaluit,CA,2021-10-20 21:33:22,63.7506,-68.5145,31.73,80,75,3.0
506,Nyrob,RU,2021-10-20 21:33:22,60.733,56.7202,29.77,88,98,4.36
507,Port Augusta,AU,2021-10-20 21:33:23,-32.5,137.7667,64.71,50,26,7.11
508,Zhanaozen,KZ,2021-10-20 21:33:23,43.3,52.8,41.72,61,24,9.35
509,Beyneu,KZ,2021-10-20 21:33:24,45.3167,55.2,42.44,56,60,13.44
510,Sadiqabad,PK,2021-10-20 21:33:24,28.3062,70.1307,75.45,33,0,9.55
511,Prince George,CA,2021-10-20 21:29:09,53.9166,-122.753,45.63,100,1,2.3
512,Barentu,ER,2021-10-20 21:33:25,15.1139,37.5928,76.39,44,24,5.48
513,College,US,2021-10-20 21:33:25,64.8569,-147.8028,39.15,64,75,4.61
514,Ancud,CL,2021-10-20 21:33:26,-41.8697,-73.8203,60.42,92,100,8.88
515,Sterlibashevo,RU,2021-10-20 21:33:26,53.4376,55.2578,30.31,86,80,11.83
516,Sinnamary,GF,2021-10-20 21:33:26,5.3833,-52.95,80.53,79,36,8.75
517,Nalut,LY,2021-10-20 21:33:27,30.3333,10.85,68.77,52,97,18.37
518,Zabid,YE,2021-10-20 21:33:27,14.1951,43.3152,85.24,67,93,6.82
519,Totness,SR,2021-10-20 21:33:28,5.8833,-56.3167,81.14,80,88,12.26
520,Cabra,ES,2021-10-20 21:33:28,37.4725,-4.4421,71.4,43,34,3.74
521,Tori Fatehpur,IN,2021-10-20 21:33:29,25.45,79.1333,71.44,54,5,7.72
522,Tommot,RU,2021-10-20 21:33:29,58.9564,126.2925,29.62,95,100,8.46
523,Nuuk,GL,2021-10-20 21:28:52,64.1835,-51.7216,29.01,100,40,11.5
524,Ambulu,ID,2021-10-20 21:33:30,-8.345,113.6058,75.27,92,100,2.55
525,Long Xuyen,VN,2021-10-20 21:33:30,10.3833,105.4167,75.15,94,100,6.13
526,Pangai,TO,2021-10-20 21:33:31,-19.8,-174.35,77.11,65,40,18.41
527,Kondopoga,RU,2021-10-20 21:33:31,62.2057,34.2614,33.48,98,100,9.93
528,Kirakira,SB,2021-10-20 21:33:32,-10.4544,161.9205,83.53,74,94,9.06
529,Novouzensk,RU,2021-10-20 21:33:32,50.4592,48.1431,33.85,77,14,8.03
530,Acarau,BR,2021-10-20 21:33:33,-2.8856,-40.12,80.37,79,100,11.95
531,Kawalu,ID,2021-10-20 21:33:33,-7.3817,108.2082,71.67,91,89,1.05
532,Broken Hill,AU,2021-10-20 21:33:34,-31.95,141.4333,69.51,19,75,12.66
533,Cozumel,MX,2021-10-20 21:30:18,20.5083,-86.9458,82.38,93,75,1.01
534,Dunedin,NZ,2021-10-20 21:32:37,-45.8742,170.5036,50.81,65,65,7.0
535,Mongu,ZM,2021-10-20 21:33:34,-15.2484,23.1274,73.58,59,91,3.44
536,Vila,PT,2021-10-20 21:33:35,42.0304,-8.1588,53.33,90,70,2.91
537,Sola,VU,2021-10-20 21:33:35,-13.8833,167.55,83.07,84,75,11.5
538,Dagda,LV,2021-10-20 21:33:36,56.0951,27.5372,54.72,82,100,16.35
539,Komsomolskiy,UZ,2021-10-20 21:33:36,40.4272,71.7189,60.22,41,100,6.91
540,Salvador,SV,2021-10-20 21:33:37,13.8333,-88.9167,80.64,84,79,2.1
541,Hokitika,NZ,2021-10-20 21:33:37,-42.7167,170.9667,56.44,53,100,2.15
542,Bloomington,US,2021-10-20 21:33:38,44.8408,-93.2983,56.57,93,90,13.0
543,Moose Factory,CA,2021-10-20 21:33:38,51.2585,-80.6094,39.2,65,40,10.36
544,Guangyuan,CN,2021-10-20 21:33:39,32.442,105.823,49.87,90,100,3.89
545,Yarmouth,US,2021-10-20 21:33:39,41.7057,-70.2286,70.27,76,1,3.44
546,Gallup,US,2021-10-20 21:30:50,35.5281,-108.7426,65.16,27,1,1.99
547,Humberto De Campos,BR,2021-10-20 21:33:40,-2.5983,-43.4611,78.85,79,38,6.04
548,Slave Lake,CA,2021-10-20 21:33:40,55.2834,-114.769,51.78,43,1,20.71
549,Santa Isabel Do Rio Negro,BR,2021-10-20 21:33:41,-0.4139,-65.0192,81.46,77,83,1.34
550,Ovsyanka,RU,2021-10-20 21:33:41,55.9575,92.5519,25.77,72,99,4.74
551,Tshikapa,CD,2021-10-20 21:33:42,-6.4167,20.8,69.82,98,78,1.63
552,Salinopolis,BR,2021-10-20 21:33:42,-0.6136,-47.3561,81.0,76,31,11.12
553,Talara,PE,2021-10-20 21:33:42,-4.5772,-81.2719,72.36,68,0,13.8
554,Calabozo,VE,2021-10-20 21:33:43,8.9242,-67.4293,84.33,63,94,3.71
555,Hovd,MN,2021-10-20 21:33:43,48.0056,91.6419,31.51,49,0,1.79
556,Tiksi,RU,2021-10-20 21:32:59,71.6872,128.8694,11.07,94,100,5.46
